ALTER SESSION SET NLS_DATE_FORMAT='DD/MM/YYYY';
DROP TABLE FACTURA;
DROP TABLE ALMACENA;
DROP TABLE ESTANTE;
DROP TABLE GALPON;
DROP TABLE PRODUCTO;
DROP TABLE CLIENTE;

CREATE TABLE CLIENTE( 
RUT NUMBER(5) NOT NULL CONSTRAINT CLIENTE_pk PRIMARY KEY, 
RAZONSOCIAL VARCHAR2(120) CONSTRAINT CLIENTE_Ak UNIQUE NOT NULL, 
TELEFONO NUMBER(30) NOT NULL, 
DIRECCION VARCHAR2(80) NOT NULL, 
FCHING DATE NOT NULL);

CREATE TABLE PRODUCTO( 
CODPROD NUMBER(5) NOT NULL CONSTRAINT PRODUCTO_pk PRIMARY KEY, 
DESCRIPCION VARCHAR2(100) NOT NULL, 
RUT NUMBER(5) NOT NULL CONSTRAINT PRODUCTO_TO_CLIENTE_FK REFERENCES CLIENTE, 
FDESDE DATE NOT NULL,
FHASTA DATE,
PRECIO NUMBER(5) NOT NULL,
TIPO VARCHAR2(100) NOT NULL);

CREATE TABLE GALPON( 
NOMBRE VARCHAR2(100) NOT NULL CONSTRAINT GALPON_pk PRIMARY KEY,
SUPERFICIE NUMBER(10) NOT NULL);

CREATE TABLE ESTANTE( 
NOMBRE VARCHAR2(100) NOT NULL CONSTRAINT ESTANTE_TO_GALPON_FK REFERENCES GALPON,
FILA NUMBER(5) NOT NULL,
NUMESTANTE NUMBER(5) NOT NULL,
CONSTRAINT ESTANTE_Pk PRIMARY KEY(NOMBRE, FILA, NUMESTANTE));

CREATE TABLE ALMACENA( 
NOMBRE VARCHAR2(100) NOT NULL,
FILA NUMBER(5) NOT NULL,
NUMESTANTE NUMBER(5) NOT NULL,
CODPROD NUMBER(5) NOT NULL CONSTRAINT ALMACENA_TO_PRODUCTO_FK REFERENCES PRODUCTO, 
CONSTRAINT ALMACENA_Pk PRIMARY KEY(NOMBRE, FILA, NUMESTANTE, CODPROD),
CONSTRAINT ALM_TO_EST_FK FOREIGN KEY(NOMBRE, FILA, NUMESTANTE) REFERENCES ESTANTE (NOMBRE, FILA, NUMESTANTE));

CREATE TABLE FACTURA( 
NUMFAC NUMBER(5) NOT NULL CONSTRAINT FACTURA_pk PRIMARY KEY, 
CODPROD NUMBER(5) NOT NULL CONSTRAINT FACTURA_TO_PRODUCTO_FK REFERENCES PRODUCTO,
FECHA DATE NOT NULL,
IMPORTE NUMBER(10) NOT NULL,
FCHVENCIMIENTO DATE NOT NULL);

INSERT INTO CLIENTE VALUES ('10001','CONSULTORES S.C','2301022','Galicia 2141',to_date('20/04/2016','DD/MM/YYYY'));
INSERT INTO CLIENTE VALUES ('10002','Logística y Distribución','2321414','Andes 2321',to_date('23/04/2016','DD/MM/YYYY'));
INSERT INTO CLIENTE VALUES ('10003','SERVICLEAN','2313415','Yaguaron 2015',to_date('01/04/2016','DD/MM/YYYY'));
INSERT INTO CLIENTE VALUES ('10004','PUNTOLUK','2341565','Paraguay 4015',to_date('30/03/2016','DD/MM/YYYY'));
INSERT INTO CLIENTE VALUES ('10005','LOS PERFUMES S.A','2324242','Colonia 2019',to_date('02/05/2016','DD/MM/YYYY'));
INSERT INTO CLIENTE VALUES ('10006','MI MAGICO BAZAR','2324141','Mercedes 1254',to_date('30/04/2016','DD/MM/YYYY'));
INSERT INTO CLIENTE VALUES ('10007','INFOLAB S.A','2301001','Cuareim 1923',to_date('22/04/2016','DD/MM/YYYY'));

INSERT INTO PRODUCTO VALUES ('1','MONITOR','10001',to_date('05/04/2016','DD/MM/YYYY'),to_date('05/08/2016','DD/MM/YYYY'),'5000','INFORMÁTICA');
INSERT INTO PRODUCTO VALUES ('2','FLORERO','10002',to_date('05/04/2016','DD/MM/YYYY'),to_date('05/08/2016','DD/MM/YYYY'),'200','BAZAR');
INSERT INTO PRODUCTO VALUES('3','COCINA','10003',to_date('05/04/2016','DD/MM/YYYY'),to_date('05/08/2016','DD/MM/YYYY'),'12000','ELECTRODOMÉSTICO');
INSERT INTO PRODUCTO VALUES ('4','MOUSE','10003',to_date('05/04/2016','DD/MM/YYYY'),to_date('05/08/2016','DD/MM/YYYY'),'300','INFORMÁTICA');
INSERT INTO PRODUCTO VALUES ('5','HELADERA','10006',to_date('05/04/2016','DD/MM/YYYY'),to_date('05/08/2016','DD/MM/YYYY'),'18000','ELECTRODOMÉSTICO');
INSERT INTO PRODUCTO VALUES ('6','MICROONDAS','10004',to_date('10/05/2016','DD/MM/YYYY'),to_date('30/05/2016','DD/MM/YYYY'),'5000','ELECTRODOMÉSTICO');
INSERT INTO PRODUCTO VALUES ('7','IMPRESORA','10005',to_date('10/05/2016','DD/MM/YYYY'),to_date('30/05/2016','DD/MM/YYYY'),'12000','INFORMÁTICA');
INSERT INTO PRODUCTO VALUES ('8','TOSTADORA','10007',to_date('10/05/2016','DD/MM/YYYY'),to_date('05/08/2016','DD/MM/YYYY'),'2000','ELECTRODOMÉSTICO');

INSERT INTO FACTURA VALUES  ('1','6',to_date('10/04/2016','DD/MM/YYYY'),'18000',to_date('15/04/2016','DD/MM/YYYY'));
INSERT INTO FACTURA VALUES ('2','3',to_date('12/12/2016','DD/MM/YYYY'),'12000',to_date('12/12/2016','DD/MM/YYYY'));
INSERT INTO FACTURA VALUES ('3','8',to_date('30/04/2016','DD/MM/YYYY'),'2000',to_date('12/12/2016','DD/MM/YYYY'));

COMMIT; 