ALTER SESSION SET NLS_DATE_FORMAT='DD/MM/YYYY';
DROP TABLE FACTURA;
DROP TABLE ALMACENA;
DROP TABLE ESTANTE;
DROP TABLE GALPON;
DROP TABLE PRODUCTO;
DROP TABLE CLIENTE;

CREATE TABLE CLIENTE( 
RUT NUMBER(5) NOT NULL CONSTRAINT CLIENTE_pk PRIMARY KEY, 
RAZONSOCIAL VARCHAR2(120) CONSTRAINT CLIENTE_Ak UNIQUE NOT NULL, 
TELEFONO NUMBER(30) NOT NULL, 
DIRECCION VARCHAR2(80) NOT NULL, 
FCHING DATE NOT NULL);

CREATE TABLE PRODUCTO( 
CODPROD NUMBER(5) NOT NULL CONSTRAINT PRODUCTO_pk PRIMARY KEY, 
DESCRIPCION VARCHAR2(100) NOT NULL, 
RUT NUMBER(5) NOT NULL CONSTRAINT PRODUCTO_TO_CLIENTE_FK REFERENCES CLIENTE, 
FDESDE DATE NOT NULL,
FHASTA DATE,
PRECIO NUMBER(5) NOT NULL,
TIPO VARCHAR2(100) NOT NULL);

CREATE TABLE GALPON( 
NOMBRE VARCHAR2(100) NOT NULL CONSTRAINT GALPON_pk PRIMARY KEY,
SUPERFICIE NUMBER(10) NOT NULL);

CREATE TABLE ESTANTE( 
NOMBRE VARCHAR2(100) NOT NULL CONSTRAINT ESTANTE_TO_GALPON_FK REFERENCES GALPON,
FILA NUMBER(5) NOT NULL,
NUMESTANTE NUMBER(5) NOT NULL,
CONSTRAINT ESTANTE_Pk PRIMARY KEY(NOMBRE, FILA, NUMESTANTE));

CREATE TABLE ALMACENA( 
NOMBRE VARCHAR2(100) NOT NULL,
FILA NUMBER(5) NOT NULL,
NUMESTANTE NUMBER(5) NOT NULL,
CODPROD NUMBER(5) NOT NULL CONSTRAINT ALMACENA_TO_PRODUCTO_FK REFERENCES PRODUCTO, 
CONSTRAINT ALMACENA_Pk PRIMARY KEY(NOMBRE, FILA, NUMESTANTE, CODPROD),
CONSTRAINT ALM_TO_EST_FK FOREIGN KEY(NOMBRE, FILA, NUMESTANTE) REFERENCES ESTANTE (NOMBRE, FILA, NUMESTANTE));

CREATE TABLE FACTURA( 
NUMFAC NUMBER(5) NOT NULL CONSTRAINT FACTURA_pk PRIMARY KEY, 
CODPROD NUMBER(5) NOT NULL CONSTRAINT FACTURA_TO_PRODUCTO_FK REFERENCES PRODUCTO,
FECHA DATE NOT NULL,
IMPORTE NUMBER(10) NOT NULL,
FCHVENCIMIENTO DATE NOT NULL);

INSERT INTO CLIENTE VALUES ('30001','Logística y Distribución','22112599','BARQUISIMINETO 3974',to_date('10/02/2016','DD/MM/YYYY'));
INSERT INTO CLIENTE VALUES ('30002','INFORMATIC','22154975','ENRIQUE AMORIN 4746',to_date('24/01/2016','DD/MM/YYYY'));
INSERT INTO CLIENTE VALUES ('30003','INFOLAB S.A','23204764','PLAZA VIDIELLA',to_date('30/10/2014','DD/MM/YYYY'));
INSERT INTO CLIENTE VALUES ('30004','Serviclean','23117865','HAITI 1609',to_date('15/02/2016','DD/MM/YYYY'));

INSERT INTO PRODUCTO VALUES ('1','PERFUME','30001',to_date('11/10/2016','DD/MM/YYYY'),to_date('11/11/2016','DD/MM/YYYY'),'20000','PERFUMERÍA');
INSERT INTO PRODUCTO VALUES ('2','CREMAS','30002',to_date('11/10/2016','DD/MM/YYYY'),to_date('11/11/2016','DD/MM/YYYY'),'100','perfumería');
INSERT INTO PRODUCTO VALUES ('3','COCINA','30003',to_date('11/10/2016','DD/MM/YYYY'),to_date('11/11/2016','DD/MM/YYYY'),'15000','ELECTRODOMÉSTICO');
INSERT INTO PRODUCTO VALUES ('4','COLONIA','30004',to_date('11/11/2016','DD/MM/YYYY'),to_date('12/12/2016','DD/MM/YYYY'),'200','Perfumería');
INSERT INTO PRODUCTO VALUES ('5','HELADERA','30004',to_date('11/10/2016','DD/MM/YYYY'),to_date('11/11/2016','DD/MM/YYYY'),'18000','Electrodoméstico');

INSERT INTO GALPON VALUES ('Logística del Sur','11000');
INSERT INTO GALPON VALUES ('Logística del Norte','20000');

INSERT INTO ESTANTE VALUES ('Logística del Norte','1','1');
INSERT INTO ESTANTE VALUES ('Logística del Norte','1','2');
INSERT INTO ESTANTE VALUES ('Logística del Sur','1','1');
INSERT INTO ESTANTE VALUES ('Logística del Sur','1','2');

INSERT INTO ALMACENA VALUES ('Logística del Norte','1','1','2');
INSERT INTO ALMACENA VALUES ('Logística del Sur','1','1','1');
INSERT INTO ALMACENA VALUES ('Logística del Sur','1','1','3');
INSERT INTO ALMACENA VALUES ('Logística del Sur','1','1','5');

COMMIT; 